Cantabria,,,,,Indicadores,España,,,,
2014,2015,2016,2017,2018,-,2014,2015,2016,2017,2018
,,,,,Economía,,,,,
1.6294847685578873,2.2257060649134353,3.327585830622315,3.8459373203186598,4.351246579536183,PIB. Precios corrientes,1.1574482431484068,4.401651685110219,3.363988158761688,4.312827695180643,3.469813526032861
1.390143709993752,2.3488486524686047,2.6597743148530917,2.7524069594677014,2.832092246802498,PIB. Índices de volumen,1.3839395970786539,3.8351686466606916,3.0313013298193248,2.891797744738911,2.350935296132639
2.0288704796864954,2.6935044729677227,3.7070353186251292,3.935174617667192,4.348398998550529,PIB per cápita,1.4566875199780727,4.505356017643347,3.2731814462293896,4.128612535968967,3.03576434779127
,,,,,Sanidad,,,,,
0.10629796882601905,3.14054355985689,1.8213358226349063,0.899961743283817,5.455260655253458,Gasto sanitario público consolidado. Sector CC.AA,0.5971636533934843,6.386710802302109,1.4781108527240905,3.0768546571460664,3.7309617248233007
0.4987042746604109,3.6161697758551714,2.1940017611382867,0.9857635412741983,5.447273971806577,Gasto sanitario público consolidado per cápita. Sector CC.AA,0.8985307410619203,6.4912454737385605,1.3915746438014853,2.8931916710336125,3.293907663227147
,,,,,Gasto sanitario público consolidado sobre el PIB. Sector CC.AA,,,,,
